{
  "project_info": {
    "project_number": "858516923111",
    "firebase_url": "https://lightning-vpn.firebaseio.com",
    "project_id": "lightning-vpn",
    "storage_bucket": "lightning-vpn.appspot.com"
  },
  "client": [
    {
      "client_info": {
        "mobilesdk_app_id": "1:858516923111:android:38eacf959fde6985853842",
        "android_client_info": {
          "package_name": "net.finalfixvpn.ml2"
        }
      },
      "oauth_client": [
        {
          "client_id": "858516923111-4r69deirt6m8qrgv31tcqcmpebhbqepp.apps.googleusercontent.com",
          "client_type": 3
        }
      ],
      "api_key": [
        {
          "current_key": "AIzaSyD77TA5DD-SYNBLRAV5vJDGHsWUL3PPb3Q"
        }
      ],
      "services": {
        "appinvite_service": {
          "other_platform_oauth_client": [
            {
              "client_id": "858516923111-4r69deirt6m8qrgv31tcqcmpebhbqepp.apps.googleusercontent.com",
              "client_type": 3
            }
          ]
        }
      }
    }
  ],
  "configuration_version": "1"
}